date,close,high,low,open,volume,adjClose,adjHigh,adjLow,adjOpen,adjVolume,divCash,splitFactor
2020-01-02 00:00:00+00:00,1367.37,1368.14,1341.55,1341.55,1406731,68.3685,68.407,67.0775,67.0775,28134620,0.0,1.0
2020-01-03 00:00:00+00:00,1360.66,1372.5,1345.544,1347.86,1187006,68.033,68.625,67.2772,67.393,23740120,0.0,1.0
2020-01-06 00:00:00+00:00,1394.21,1396.5,1350.0,1350.0,1733149,69.7105,69.825,67.5,67.5,34662980,0.0,1.0
2020-01-07 00:00:00+00:00,1393.34,1402.99,1390.38,1397.94,1511693,69.667,70.1495,69.519,69.897,30233860,0.0,1.0
2020-01-08 00:00:00+00:00,1404.32,1411.58,1390.84,1392.08,1529177,70.216,70.579,69.542,69.604,30583540,0.0,1.0
2020-01-09 00:00:00+00:00,1419.83,1427.33,1410.27,1420.57,1502664,70.9915,71.3665,70.5135,71.0285,30053280,0.0,1.0
2020-01-10 00:00:00+00:00,1429.73,1434.929,1418.35,1427.56,1821566,71.4865,71.74645,70.9175,71.378,36431320,0.0,1.0
2020-01-13 00:00:00+00:00,1439.23,1440.52,1426.02,1436.13,1378286,71.9615,72.026,71.301,71.8065,27565720,0.0,1.0
2020-01-14 00:00:00+00:00,1430.88,1441.8,1428.37,1439.01,1560453,71.544,72.09,71.4185,71.9505,31209060,0.0,1.0
2020-01-15 00:00:00+00:00,1439.2,1441.395,1430.21,1430.21,1282685,71.96,72.06975,71.5105,71.5105,25653700,0.0,1.0
2020-01-16 00:00:00+00:00,1451.7,1451.99,1440.92,1447.44,1173688,72.585,72.5995,72.046,72.372,23473760,0.0,1.0
2020-01-17 00:00:00+00:00,1480.39,1481.295,1458.22,1462.91,2396215,74.0195,74.06475,72.911,73.1455,47924300,0.0,1.0
2020-01-21 00:00:00+00:00,1484.4,1491.85,1471.2,1479.12,2008830,74.22,74.5925,73.56,73.956,40176600,0.0,1.0
2020-01-22 00:00:00+00:00,1485.95,1503.214,1484.93,1491.0,1610846,74.2975,75.1607,74.2465,74.55,32216920,0.0,1.0
2020-01-23 00:00:00+00:00,1486.65,1495.52,1482.1,1487.64,1351354,74.3325,74.776,74.105,74.382,27027080,0.0,1.0
2020-01-24 00:00:00+00:00,1466.71,1495.495,1465.25,1493.59,1784644,73.3355,74.77475,73.2625,74.6795,35692880,0.0,1.0
2020-01-27 00:00:00+00:00,1433.9,1438.07,1421.2,1431.0,1755201,71.695,71.9035,71.06,71.55,35104020,0.0,1.0
2020-01-28 00:00:00+00:00,1452.56,1456.0,1432.47,1443.0,1577422,72.628,72.8,71.6235,72.15,31548440,0.0,1.0
2020-01-29 00:00:00+00:00,1458.63,1465.43,1446.74,1458.8,1078667,72.9315,73.2715,72.337,72.94,21573340,0.0,1.0
2020-01-30 00:00:00+00:00,1455.84,1457.28,1436.4,1439.96,1339421,72.792,72.864,71.82,71.998,26788420,0.0,1.0
2020-01-31 00:00:00+00:00,1434.23,1470.13,1428.53,1468.9,2417214,71.7115,73.5065,71.4265,73.445,48344280,0.0,1.0
2020-02-03 00:00:00+00:00,1485.94,1490.0,1458.99,1462.0,3055216,74.297,74.5,72.9495,73.1,61104320,0.0,1.0
2020-02-04 00:00:00+00:00,1447.07,1469.5,1426.3,1457.07,3932954,72.3535,73.475,71.315,72.8535,78659080,0.0,1.0
2020-02-05 00:00:00+00:00,1448.23,1463.84,1430.56,1462.42,1986157,72.4115,73.192,71.528,73.121,39723140,0.0,1.0
2020-02-06 00:00:00+00:00,1476.23,1482.0,1449.57,1450.33,1679384,73.8115,74.1,72.4785,72.5165,33587680,0.0,1.0
2020-02-07 00:00:00+00:00,1479.23,1485.84,1466.35,1467.3,1172270,73.9615,74.292,73.3175,73.365,23445400,0.0,1.0
2020-02-10 00:00:00+00:00,1508.68,1509.5,1474.32,1474.32,1419876,75.434,75.475,73.716,73.716,28397520,0.0,1.0
2020-02-11 00:00:00+00:00,1508.79,1529.63,1505.638,1511.81,1344633,75.4395,76.4815,75.2819,75.5905,26892660,0.0,1.0
2020-02-12 00:00:00+00:00,1518.27,1520.695,1508.11,1514.48,1167565,75.9135,76.03475,75.4055,75.724,23351300,0.0,1.0
2020-02-13 00:00:00+00:00,1514.66,1527.18,1504.6,1512.69,929730,75.733,76.359,75.23,75.6345,18594600,0.0,1.0
2020-02-14 00:00:00+00:00,1520.74,1520.74,1507.34,1515.6,1197836,76.037,76.037,75.367,75.78,23956720,0.0,1.0
2020-02-18 00:00:00+00:00,1519.67,1531.63,1512.59,1515.0,1121140,75.9835,76.5815,75.6295,75.75,22422800,0.0,1.0
2020-02-19 00:00:00+00:00,1526.69,1532.106,1521.4,1525.07,949268,76.3345,76.6053,76.07,76.2535,18985360,0.0,1.0
2020-02-20 00:00:00+00:00,1518.15,1529.64,1506.82,1522.0,1096552,75.9075,76.482,75.341,76.1,21931040,0.0,1.0
2020-02-21 00:00:00+00:00,1485.11,1512.215,1480.44,1508.03,1732273,74.2555,75.61075,74.022,75.4015,34645460,0.0,1.0
2020-02-24 00:00:00+00:00,1421.59,1436.97,1411.39,1426.11,2867053,71.0795,71.8485,70.5695,71.3055,57341060,0.0,1.0
2020-02-25 00:00:00+00:00,1388.45,1438.14,1382.4,1433.0,2478278,69.4225,71.907,69.12,71.65,49565560,0.0,1.0
2020-02-26 00:00:00+00:00,1393.18,1415.7,1379.0,1396.14,2204037,69.659,70.785,68.95,69.807,44080740,0.0,1.0
2020-02-27 00:00:00+00:00,1318.09,1371.704,1317.17,1362.06,2978300,65.9045,68.5852,65.8585,68.103,59566000,0.0,1.0
2020-02-28 00:00:00+00:00,1339.33,1341.14,1271.0,1277.5,3790618,66.9665,67.057,63.55,63.875,75812360,0.0,1.0
2020-03-02 00:00:00+00:00,1389.11,1390.87,1326.815,1351.61,2431468,69.4555,69.5435,66.34075,67.5805,48629360,0.0,1.0
2020-03-03 00:00:00+00:00,1341.39,1410.15,1332.0,1399.42,2402326,67.0695,70.5075,66.6,69.971,48046520,0.0,1.0
2020-03-04 00:00:00+00:00,1386.52,1388.09,1343.11,1359.23,1913315,69.326,69.4045,67.1555,67.9615,38266300,0.0,1.0
2020-03-05 00:00:00+00:00,1319.04,1358.91,1305.1,1350.2,2561288,65.952,67.9455,65.255,67.51,51225760,0.0,1.0
2020-03-06 00:00:00+00:00,1298.41,1306.22,1261.05,1277.06,2660628,64.9205,65.311,63.0525,63.853,53212560,0.0,1.0
2020-03-09 00:00:00+00:00,1215.56,1254.76,1200.0,1205.3,3365365,60.778,62.738,60.0,60.265,67307300,0.0,1.0
2020-03-10 00:00:00+00:00,1280.39,1281.15,1218.77,1260.0,2611373,64.0195,64.0575,60.9385,63.0,52227460,0.0,1.0
2020-03-11 00:00:00+00:00,1215.41,1260.96,1196.07,1249.7,2611229,60.7705,63.048,59.8035,62.485,52224580,0.0,1.0
2020-03-12 00:00:00+00:00,1114.91,1193.87,1113.3,1126.0,4226748,55.7455,59.6935,55.665,56.3,84534960,0.0,1.0
2020-03-13 00:00:00+00:00,1219.73,1219.76,1117.143,1179.0,3700125,60.9865,60.988,55.85715,58.95,74002500,0.0,1.0
2020-03-16 00:00:00+00:00,1084.33,1152.267,1074.44,1096.0,4252365,54.2165,57.61335,53.722,54.8,85047300,0.0,1.0
2020-03-17 00:00:00+00:00,1119.8,1130.86,1056.01,1093.11,3861489,55.99,56.543,52.8005,54.6555,77229780,0.0,1.0
2020-03-18 00:00:00+00:00,1096.8,1106.5,1037.28,1056.51,4233435,54.84,55.325,51.864,52.8255,84668700,0.0,1.0
2020-03-19 00:00:00+00:00,1115.29,1157.97,1060.108,1093.05,3651106,55.7645,57.8985,53.0054,54.6525,73022120,0.0,1.0
2020-03-20 00:00:00+00:00,1072.32,1143.99,1065.49,1135.72,3601750,53.616,57.1995,53.2745,56.786,72035000,0.0,1.0
2020-03-23 00:00:00+00:00,1056.62,1071.32,1013.536,1061.32,4044137,52.831,53.566,50.6768,53.066,80882740,0.0,1.0
2020-03-24 00:00:00+00:00,1134.46,1135.0,1090.62,1103.77,3344450,56.723,56.75,54.531,55.1885,66889000,0.0,1.0
2020-03-25 00:00:00+00:00,1102.49,1148.9,1086.01,1126.47,4081528,55.1245,57.445,54.3005,56.3235,81630560,0.0,1.0
2020-03-26 00:00:00+00:00,1161.75,1169.97,1093.53,1111.8,3573755,58.0875,58.4985,54.6765,55.59,71475100,0.0,1.0
2020-03-27 00:00:00+00:00,1110.71,1150.67,1105.91,1125.67,3208495,55.5355,57.5335,55.2955,56.2835,64169900,0.0,1.0
2020-03-30 00:00:00+00:00,1146.82,1151.63,1096.48,1125.04,2574061,57.341,57.5815,54.824,56.252,51481220,0.0,1.0
2020-03-31 00:00:00+00:00,1162.81,1175.31,1138.14,1147.3,2487983,58.1405,58.7655,56.907,57.365,49759660,0.0,1.0
2020-04-01 00:00:00+00:00,1105.62,1129.69,1097.45,1122.0,2344173,55.281,56.4845,54.8725,56.1,46883460,0.0,1.0
2020-04-02 00:00:00+00:00,1120.84,1126.86,1096.4,1098.26,1964881,56.042,56.343,54.82,54.913,39297620,0.0,1.0
2020-04-03 00:00:00+00:00,1097.88,1123.54,1079.81,1119.015,2313400,54.894,56.177,53.9905,55.95075,46268000,0.0,1.0
2020-04-06 00:00:00+00:00,1186.92,1194.66,1130.94,1138.0,2664723,59.346,59.733,56.547,56.9,53294460,0.0,1.0
2020-04-07 00:00:00+00:00,1186.51,1225.0,1182.23,1221.0,2387329,59.3255,61.25,59.1115,61.05,47746580,0.0,1.0
2020-04-08 00:00:00+00:00,1210.28,1219.07,1188.16,1206.5,1975135,60.514,60.9535,59.408,60.325,39502700,0.0,1.0
2020-04-09 00:00:00+00:00,1211.45,1225.57,1196.735,1224.08,2175421,60.5725,61.2785,59.83675,61.204,43508420,0.0,1.0
2020-04-13 00:00:00+00:00,1217.56,1220.51,1187.598,1209.18,1739828,60.878,61.0255,59.3799,60.459,34796560,0.0,1.0
2020-04-14 00:00:00+00:00,1269.23,1282.07,1236.93,1245.09,2470353,63.4615,64.1035,61.8465,62.2545,49407060,0.0,1.0
2020-04-15 00:00:00+00:00,1262.47,1280.46,1240.4,1245.61,1671703,63.1235,64.023,62.02,62.2805,33434060,0.0,1.0
2020-04-16 00:00:00+00:00,1263.47,1279.0,1242.62,1274.1,2518099,63.1735,63.95,62.131,63.705,50361980,0.0,1.0
2020-04-17 00:00:00+00:00,1283.25,1294.43,1271.23,1284.85,1949042,64.1625,64.7215,63.5615,64.2425,38980840,0.0,1.0
2020-04-20 00:00:00+00:00,1266.61,1281.6,1261.37,1271.0,1695488,63.3305,64.08,63.0685,63.55,33909760,0.0,1.0
2020-04-21 00:00:00+00:00,1216.34,1254.27,1209.71,1247.0,2153003,60.817,62.7135,60.4855,62.35,43060060,0.0,1.0
2020-04-22 00:00:00+00:00,1263.21,1285.613,1242.0,1245.54,2093140,63.1605,64.28065,62.1,62.277,41862800,0.0,1.0
2020-04-23 00:00:00+00:00,1276.31,1293.31,1265.67,1271.55,1566203,63.8155,64.6655,63.2835,63.5775,31324060,0.0,1.0
2020-04-24 00:00:00+00:00,1279.31,1280.4,1249.45,1261.17,1640394,63.9655,64.02,62.4725,63.0585,32807880,0.0,1.0
2020-04-27 00:00:00+00:00,1275.88,1296.15,1269.0,1296.0,1600563,63.794,64.8075,63.45,64.8,32011260,0.0,1.0
2020-04-28 00:00:00+00:00,1233.67,1288.05,1232.2,1287.93,2951309,61.6835,64.4025,61.61,64.3965,59026180,0.0,1.0
2020-04-29 00:00:00+00:00,1341.48,1359.99,1325.34,1341.46,3793630,67.074,67.9995,66.267,67.073,75872600,0.0,1.0
2020-04-30 00:00:00+00:00,1348.66,1352.82,1322.49,1324.88,2668906,67.433,67.641,66.1245,66.244,53378120,0.0,1.0
2020-05-01 00:00:00+00:00,1320.61,1352.07,1311.0,1328.5,2072639,66.0305,67.6035,65.55,66.425,41452780,0.0,1.0
2020-05-04 00:00:00+00:00,1326.8,1327.66,1299.0,1308.23,1504017,66.34,66.383,64.95,65.4115,30080340,0.0,1.0
2020-05-05 00:00:00+00:00,1351.11,1373.94,1337.46,1337.92,1651533,67.5555,68.697,66.873,66.896,33030660,0.0,1.0
2020-05-06 00:00:00+00:00,1347.3,1371.12,1347.29,1361.69,1215423,67.365,68.556,67.3645,68.0845,24308460,0.0,1.0
2020-05-07 00:00:00+00:00,1372.56,1377.6,1355.27,1365.94,1399759,68.628,68.88,67.7635,68.297,27995180,0.0,1.0
2020-05-08 00:00:00+00:00,1388.37,1398.76,1375.48,1383.13,1388068,69.4185,69.938,68.774,69.1565,27761360,0.0,1.0
2020-05-11 00:00:00+00:00,1403.26,1416.53,1377.152,1378.28,1412116,70.163,70.8265,68.8576,68.914,28242320,0.0,1.0
2020-05-12 00:00:00+00:00,1375.74,1415.0,1374.77,1407.12,1390600,68.787,70.75,68.7385,70.356,27812000,0.0,1.0
2020-05-13 00:00:00+00:00,1349.33,1385.482,1328.4,1377.05,1812585,67.4665,69.2741,66.42,68.8525,36251700,0.0,1.0
2020-05-14 00:00:00+00:00,1356.13,1357.42,1323.91,1335.02,1603077,67.8065,67.871,66.1955,66.751,32061540,0.0,1.0
2020-05-15 00:00:00+00:00,1373.19,1374.48,1339.0,1350.0,1707747,68.6595,68.724,66.95,67.5,34154940,0.0,1.0
2020-05-18 00:00:00+00:00,1383.94,1392.325,1354.25,1361.75,1823964,69.197,69.61625,67.7125,68.0875,36479280,0.0,1.0
2020-05-19 00:00:00+00:00,1373.485,1392.0,1373.485,1386.997,1280649,68.67425,69.6,68.67425,69.34985,25612980,0.0,1.0
2020-05-20 00:00:00+00:00,1406.72,1410.42,1387.25,1389.58,1655375,70.336,70.521,69.3625,69.479,33107500,0.0,1.0
2020-05-21 00:00:00+00:00,1402.8,1415.49,1393.45,1408.0,1378020,70.14,70.7745,69.6725,70.4,27560400,0.0,1.0
2020-05-22 00:00:00+00:00,1410.42,1412.76,1391.83,1396.71,1309408,70.521,70.638,69.5915,69.8355,26188160,0.0,1.0
2020-05-26 00:00:00+00:00,1417.02,1441.0,1412.13,1437.27,2060643,70.851,72.05,70.6065,71.8635,41212860,0.0,1.0
2020-05-27 00:00:00+00:00,1417.84,1421.74,1391.29,1417.25,1686142,70.892,71.087,69.5645,70.8625,33722840,0.0,1.0
2020-05-28 00:00:00+00:00,1416.73,1440.84,1396.0,1396.86,1693976,70.8365,72.042,69.8,69.843,33879520,0.0,1.0
2020-05-29 00:00:00+00:00,1428.92,1432.57,1413.35,1416.94,1838059,71.446,71.6285,70.6675,70.847,36761180,0.0,1.0
2020-06-01 00:00:00+00:00,1431.82,1437.96,1418.0,1418.39,1217140,71.591,71.898,70.9,70.9195,24342800,0.0,1.0
2020-06-02 00:00:00+00:00,1439.22,1439.61,1418.83,1430.55,1278128,71.961,71.9805,70.9415,71.5275,25562560,0.0,1.0
2020-06-03 00:00:00+00:00,1436.38,1446.552,1429.777,1438.3,1256186,71.819,72.3276,71.48885,71.915,25123720,0.0,1.0
2020-06-04 00:00:00+00:00,1412.18,1438.96,1404.73,1430.4,1484272,70.609,71.948,70.2365,71.52,29685440,0.0,1.0
2020-06-05 00:00:00+00:00,1438.39,1445.05,1406.0,1413.17,1735244,71.9195,72.2525,70.3,70.6585,34704880,0.0,1.0
2020-06-08 00:00:00+00:00,1446.61,1447.99,1422.34,1422.34,1404178,72.3305,72.3995,71.117,71.117,28083560,0.0,1.0
2020-06-09 00:00:00+00:00,1456.16,1468.0,1443.21,1445.36,1409249,72.808,73.4,72.1605,72.268,28184980,0.0,1.0
2020-06-10 00:00:00+00:00,1465.85,1474.259,1456.27,1459.54,1525153,73.2925,73.71295,72.8135,72.977,30503060,0.0,1.0
2020-06-11 00:00:00+00:00,1403.84,1454.475,1402.0,1442.48,1991332,70.192,72.72375,70.1,72.124,39826640,0.0,1.0
2020-06-12 00:00:00+00:00,1413.18,1437.0,1386.02,1428.49,1946367,70.659,71.85,69.301,71.4245,38927340,0.0,1.0
2020-06-15 00:00:00+00:00,1419.85,1424.8,1387.92,1390.8,1506096,70.9925,71.24,69.396,69.54,30121920,0.0,1.0
2020-06-16 00:00:00+00:00,1442.72,1455.02,1425.9,1445.22,1711614,72.136,72.751,71.295,72.261,34232280,0.0,1.0
2020-06-17 00:00:00+00:00,1451.12,1460.0,1431.38,1447.16,1549615,72.556,73.0,71.569,72.358,30992300,0.0,1.0
2020-06-18 00:00:00+00:00,1435.96,1451.41,1427.01,1449.16,1581916,71.798,72.5705,71.3505,72.458,31638320,0.0,1.0
2020-06-19 00:00:00+00:00,1431.72,1447.8,1421.35,1444.0,3157875,71.586,72.39,71.0675,72.2,63157500,0.0,1.0
2020-06-22 00:00:00+00:00,1451.86,1452.75,1423.21,1429.0,1542440,72.593,72.6375,71.1605,71.45,30848800,0.0,1.0
2020-06-23 00:00:00+00:00,1464.41,1475.941,1445.24,1455.64,1429764,73.2205,73.79705,72.262,72.782,28595280,0.0,1.0
2020-06-24 00:00:00+00:00,1431.97,1475.42,1429.75,1461.51,1756022,71.5985,73.771,71.4875,73.0755,35120440,0.0,1.0
2020-06-25 00:00:00+00:00,1441.33,1442.9,1420.0,1429.9,1230474,72.0665,72.145,71.0,71.495,24609480,0.0,1.0
2020-06-26 00:00:00+00:00,1359.9,1433.45,1351.99,1431.39,4267698,67.995,71.6725,67.5995,71.5695,85353960,0.0,1.0
2020-06-29 00:00:00+00:00,1394.97,1395.6,1347.01,1358.18,1810180,69.7485,69.78,67.3505,67.909,36203600,0.0,1.0
2020-06-30 00:00:00+00:00,1413.61,1418.65,1383.96,1390.44,2042381,70.6805,70.9325,69.198,69.522,40847620,0.0,1.0
2020-07-01 00:00:00+00:00,1438.04,1443.0,1409.82,1411.1,1775613,71.902,72.15,70.491,70.555,35512260,0.0,1.0
2020-07-02 00:00:00+00:00,1464.7,1482.95,1446.42,1446.94,1859790,73.235,74.1475,72.321,72.347,37195800,0.0,1.0
2020-07-06 00:00:00+00:00,1495.7,1506.59,1472.86,1480.06,1563997,74.785,75.3295,73.643,74.003,31279940,0.0,1.0
2020-07-07 00:00:00+00:00,1485.18,1516.8,1483.55,1490.0,1458216,74.259,75.84,74.1775,74.5,29164320,0.0,1.0
2020-07-08 00:00:00+00:00,1496.0,1505.88,1485.63,1494.32,1249731,74.8,75.294,74.2815,74.716,24994620,0.0,1.0
2020-07-09 00:00:00+00:00,1510.99,1522.72,1488.085,1506.45,1423322,75.5495,76.136,74.40425,75.3225,28466440,0.0,1.0
2020-07-10 00:00:00+00:00,1541.74,1543.83,1496.54,1506.15,1857204,77.087,77.1915,74.827,75.3075,37144080,0.0,1.0
2020-07-13 00:00:00+00:00,1511.34,1577.132,1505.243,1550.0,1846424,75.567,78.8566,75.26215,77.5,36928480,0.0,1.0
2020-07-14 00:00:00+00:00,1520.58,1522.95,1483.5,1490.31,1585021,76.029,76.1475,74.175,74.5155,31700420,0.0,1.0
2020-07-15 00:00:00+00:00,1513.64,1535.33,1498.0,1523.13,1761036,75.682,76.7665,74.9,76.1565,35220720,0.0,1.0
2020-07-16 00:00:00+00:00,1518.0,1518.69,1486.31,1500.0,1519346,75.9,75.9345,74.3155,75.0,30386920,0.0,1.0
2020-07-17 00:00:00+00:00,1515.55,1523.44,1498.42,1521.62,1457014,75.7775,76.172,74.921,76.081,29140280,0.0,1.0
2020-07-20 00:00:00+00:00,1565.72,1570.29,1503.6,1515.26,1547136,78.286,78.5145,75.18,75.763,30942720,0.0,1.0
2020-07-21 00:00:00+00:00,1558.42,1586.99,1554.28,1586.99,1183101,77.921,79.3495,77.714,79.3495,23662020,0.0,1.0
2020-07-22 00:00:00+00:00,1568.49,1570.0,1546.1,1560.5,931985,78.4245,78.5,77.305,78.025,18639700,0.0,1.0
2020-07-23 00:00:00+00:00,1515.68,1571.87,1507.3918,1566.97,1627634,75.784,78.5935,75.36959,78.3485,32552680,0.0,1.0
2020-07-24 00:00:00+00:00,1511.87,1517.6362,1488.4,1498.93,1544404,75.5935,75.88181,74.42,74.9465,30888080,0.0,1.0
2020-07-27 00:00:00+00:00,1530.2,1540.97,1515.21,1515.6,1245980,76.51,77.0485,75.7605,75.78,24919600,0.0,1.0
2020-07-28 00:00:00+00:00,1500.34,1526.48,1497.66,1525.18,1702174,75.017,76.324,74.883,76.259,34043480,0.0,1.0
2020-07-29 00:00:00+00:00,1522.02,1531.2522,1501.33,1506.32,1106534,76.101,76.56261,75.0665,75.316,22130680,0.0,1.0
2020-07-30 00:00:00+00:00,1531.45,1537.87,1492.22,1497.0,1671396,76.5725,76.8935,74.611,74.85,33427920,0.0,1.0
2020-07-31 00:00:00+00:00,1482.96,1508.95,1454.03,1505.01,3429036,74.148,75.4475,72.7015,75.2505,68580720,0.0,1.0
2020-08-03 00:00:00+00:00,1474.45,1490.47,1465.64,1486.64,2331514,73.7225,74.5235,73.282,74.332,46630280,0.0,1.0
2020-08-04 00:00:00+00:00,1464.97,1485.56,1458.65,1476.57,1903489,73.2485,74.278,72.9325,73.8285,38069780,0.0,1.0
2020-08-05 00:00:00+00:00,1473.61,1482.41,1463.46,1469.3,1979957,73.6805,74.1205,73.173,73.465,39599140,0.0,1.0
2020-08-06 00:00:00+00:00,1500.1,1502.39,1466.0,1471.75,1995368,75.005,75.1195,73.3,73.5875,39907360,0.0,1.0
2020-08-07 00:00:00+00:00,1494.49,1516.845,1481.64,1500.0,1577826,74.7245,75.84225,74.082,75.0,31556520,0.0,1.0
2020-08-10 00:00:00+00:00,1496.1,1504.075,1473.08,1487.18,1289530,74.805,75.20375,73.654,74.359,25790600,0.0,1.0
2020-08-11 00:00:00+00:00,1480.32,1510.0,1478.0,1492.44,1454365,74.016,75.5,73.9,74.622,29087300,0.0,1.0
2020-08-12 00:00:00+00:00,1506.62,1512.3859,1485.25,1485.58,1437655,75.331,75.619295,74.2625,74.279,28753100,0.0,1.0
2020-08-13 00:00:00+00:00,1518.45,1537.25,1508.005,1510.34,1455208,75.9225,76.8625,75.40025,75.517,29104160,0.0,1.0
2020-08-14 00:00:00+00:00,1507.73,1521.9,1502.88,1515.66,1355200,75.3865,76.095,75.144,75.783,27104000,0.0,1.0
2020-08-17 00:00:00+00:00,1517.98,1525.61,1507.97,1514.67,1364082,75.899,76.2805,75.3985,75.7335,27281640,0.0,1.0
2020-08-18 00:00:00+00:00,1558.6,1562.47,1523.71,1526.18,2027086,77.93,78.1235,76.1855,76.309,40541720,0.0,1.0
2020-08-19 00:00:00+00:00,1547.53,1573.68,1543.95,1553.31,1660611,77.3765,78.684,77.1975,77.6655,33212220,0.0,1.0
2020-08-20 00:00:00+00:00,1581.75,1585.87,1538.2,1543.45,1706877,79.0875,79.2935,76.91,77.1725,34137540,0.0,1.0
2020-08-21 00:00:00+00:00,1580.42,1597.72,1568.005,1577.03,1446453,79.021,79.886,78.40025,78.8515,28929060,0.0,1.0
2020-08-24 00:00:00+00:00,1588.2,1614.17,1580.57,1593.98,1410229,79.41,80.7085,79.0285,79.699,28204580,0.0,1.0
2020-08-25 00:00:00+00:00,1608.22,1611.62,1582.07,1582.07,2132084,80.411,80.581,79.1035,79.1035,42641680,0.0,1.0
2020-08-26 00:00:00+00:00,1652.38,1659.22,1603.6,1608.0,3581072,82.619,82.961,80.18,80.4,71621440,0.0,1.0
2020-08-27 00:00:00+00:00,1634.33,1655.0,1625.75,1653.68,1861602,81.7165,82.75,81.2875,82.684,37232040,0.0,1.0
2020-08-28 00:00:00+00:00,1644.41,1647.1699,1630.75,1633.49,1499782,82.2205,82.358495,81.5375,81.6745,29995640,0.0,1.0
2020-08-31 00:00:00+00:00,1634.18,1647.965,1630.31,1647.89,1823406,81.709,82.39825,81.5155,82.3945,36468120,0.0,1.0
2020-09-01 00:00:00+00:00,1660.71,1665.73,1632.22,1636.63,1826655,83.0355,83.2865,81.611,81.8315,36533100,0.0,1.0
2020-09-02 00:00:00+00:00,1728.28,1733.1799,1666.3301,1673.7754,2511180,86.414,86.658995,83.316505,83.68877,50223600,0.0,1.0
2020-09-03 00:00:00+00:00,1641.84,1709.7143,1615.06,1709.7143,3107763,82.092,85.485715,80.753,85.485715,62155260,0.0,1.0
2020-09-04 00:00:00+00:00,1591.04,1645.11,1547.6125,1624.26,2608568,79.552,82.2555,77.380625,81.213,52171360,0.0,1.0
2020-09-08 00:00:00+00:00,1532.39,1563.865,1528.01,1533.51,2610884,76.6195,78.19325,76.4005,76.6755,52217680,0.0,1.0
2020-09-09 00:00:00+00:00,1556.96,1569.0,1536.0511,1557.53,1774704,77.848,78.45,76.802555,77.8765,35494080,0.0,1.0
2020-09-10 00:00:00+00:00,1532.02,1584.081,1525.805,1560.64,1618557,76.601,79.20405,76.29025,78.032,32371140,0.0,1.0
2020-09-11 00:00:00+00:00,1520.72,1575.2,1497.36,1536.0,1597087,76.036,78.76,74.868,76.8,31941740,0.0,1.0
2020-09-14 00:00:00+00:00,1519.28,1563.9999,1515.74,1539.005,1696589,75.964,78.199995,75.787,76.95025,33931780,0.0,1.0
2020-09-15 00:00:00+00:00,1541.44,1559.57,1531.835,1536.0,1331082,77.072,77.9785,76.59175,76.8,26621640,0.0,1.0
2020-09-16 00:00:00+00:00,1520.9,1562.0,1519.82,1555.54,1312299,76.045,78.1,75.991,77.777,26245980,0.0,1.0
2020-09-17 00:00:00+00:00,1495.53,1508.2984,1470.0001,1496.0,1879751,74.7765,75.41492,73.500005,74.8,37595020,0.0,1.0
2020-09-18 00:00:00+00:00,1459.99,1503.0032,1437.13,1498.01,3103882,72.9995,75.15016,71.8565,74.9005,62077640,0.0,1.0
2020-09-21 00:00:00+00:00,1431.16,1448.36,1406.55,1440.06,2888827,71.558,72.418,70.3275,72.003,57776540,0.0,1.0
2020-09-22 00:00:00+00:00,1465.46,1469.52,1434.53,1450.09,1583201,73.273,73.476,71.7265,72.5045,31664020,0.0,1.0
2020-09-23 00:00:00+00:00,1415.21,1460.96,1407.7,1458.78,1657350,70.7605,73.048,70.385,72.939,33147000,0.0,1.0
2020-09-24 00:00:00+00:00,1428.29,1443.7088,1409.85,1411.03,1450216,71.4145,72.18544,70.4925,70.5515,29004320,0.0,1.0
2020-09-25 00:00:00+00:00,1444.96,1450.0,1413.34,1432.63,1323375,72.248,72.5,70.667,71.6315,26467500,0.0,1.0
2020-09-28 00:00:00+00:00,1464.52,1476.8,1449.3012,1474.21,2007941,73.226,73.84,72.46506,73.7105,40158820,0.0,1.0
2020-09-29 00:00:00+00:00,1469.33,1476.6632,1458.805,1470.39,979102,73.4665,73.83316,72.94025,73.5195,19582040,0.0,1.0
2020-09-30 00:00:00+00:00,1469.6,1489.75,1459.88,1466.8,1701608,73.48,74.4875,72.994,73.34,34032160,0.0,1.0
2020-10-01 00:00:00+00:00,1490.09,1499.04,1479.21,1484.27,1779497,74.5045,74.952,73.9605,74.2135,35589940,0.0,1.0
2020-10-02 00:00:00+00:00,1458.42,1483.2,1450.92,1462.03,1284071,72.921,74.16,72.546,73.1015,25681420,0.0,1.0
2020-10-05 00:00:00+00:00,1486.02,1488.21,1464.27,1466.21,1113257,74.301,74.4105,73.2135,73.3105,22265140,0.0,1.0
2020-10-06 00:00:00+00:00,1453.44,1486.76,1448.5901,1475.58,1245423,72.672,74.338,72.429505,73.779,24908460,0.0,1.0
2020-10-07 00:00:00+00:00,1460.29,1468.96,1436.0,1464.29,1746156,73.0145,73.448,71.8,73.2145,34923120,0.0,1.0
2020-10-08 00:00:00+00:00,1485.93,1490.0,1465.09,1465.09,1187831,74.2965,74.5,73.2545,73.2545,23756620,0.0,1.0
2020-10-09 00:00:00+00:00,1515.22,1516.52,1489.45,1494.7,1435542,75.761,75.826,74.4725,74.735,28710840,0.0,1.0
2020-10-12 00:00:00+00:00,1569.15,1593.86,1532.57,1543.0,2482560,78.4575,79.693,76.6285,77.15,49651200,0.0,1.0
2020-10-13 00:00:00+00:00,1571.68,1590.0,1563.2,1583.73,1601043,78.584,79.5,78.16,79.1865,32020860,0.0,1.0
2020-10-14 00:00:00+00:00,1568.08,1587.6841,1550.53,1578.59,1930990,78.404,79.384205,77.5265,78.9295,38619800,0.0,1.0
2020-10-15 00:00:00+00:00,1559.13,1575.105,1545.03,1547.15,1540817,77.9565,78.75525,77.2515,77.3575,30816340,0.0,1.0
2020-10-16 00:00:00+00:00,1573.01,1581.13,1563.0,1565.85,1435137,78.6505,79.0565,78.15,78.2925,28702740,0.0,1.0
2020-10-19 00:00:00+00:00,1534.61,1588.15,1528.0,1580.46,1607075,76.7305,79.4075,76.4,79.023,32141500,0.0,1.0
2020-10-20 00:00:00+00:00,1555.93,1577.5,1525.67,1527.05,2242572,77.7965,78.875,76.2835,76.3525,44851440,0.0,1.0
2020-10-21 00:00:00+00:00,1593.31,1618.73,1571.6301,1573.33,2568345,79.6655,80.9365,78.581505,78.6665,51366900,0.0,1.0
2020-10-22 00:00:00+00:00,1615.33,1621.99,1585.0,1593.05,1434042,80.7665,81.0995,79.25,79.6525,28680840,0.0,1.0
2020-10-23 00:00:00+00:00,1641.0,1642.36,1620.51,1626.07,1375844,82.05,82.118,81.0255,81.3035,27516880,0.0,1.0
2020-10-26 00:00:00+00:00,1590.45,1638.24,1576.5,1625.01,1853254,79.5225,81.912,78.825,81.2505,37065080,0.0,1.0
2020-10-27 00:00:00+00:00,1604.26,1606.845,1582.78,1595.67,1229002,80.213,80.34225,79.139,79.7835,24580040,0.0,1.0
2020-10-28 00:00:00+00:00,1516.62,1561.35,1514.62,1559.74,1833959,75.831,78.0675,75.731,77.987,36679180,0.0,1.0
2020-10-29 00:00:00+00:00,1567.24,1593.71,1522.24,1522.36,2003064,78.362,79.6855,76.112,76.118,40061280,0.0,1.0
2020-10-30 00:00:00+00:00,1621.01,1687.0,1604.46,1672.11,4330862,81.0505,84.35,80.223,83.6055,86617240,0.0,1.0
2020-11-02 00:00:00+00:00,1626.03,1660.77,1616.03,1628.16,2535446,81.3015,83.0385,80.8015,81.408,50708920,0.0,1.0
2020-11-03 00:00:00+00:00,1650.21,1661.7,1616.6201,1631.78,1661653,82.5105,83.085,80.831005,81.589,33233060,0.0,1.0
2020-11-04 00:00:00+00:00,1749.13,1771.365,1706.0301,1710.28,3570927,87.4565,88.56825,85.301505,85.514,71418540,0.0,1.0
2020-11-05 00:00:00+00:00,1763.37,1793.64,1750.51,1781.0,2065812,88.1685,89.682,87.5255,89.05,41316240,0.0,1.0
2020-11-06 00:00:00+00:00,1761.75,1772.43,1740.35,1753.95,1661225,88.0875,88.6215,87.0175,87.6975,33224500,0.0,1.0
2020-11-09 00:00:00+00:00,1763.0,1818.06,1760.02,1790.9,2268270,88.15,90.903,88.001,89.545,45365400,0.0,1.0
2020-11-10 00:00:00+00:00,1740.39,1763.0,1717.3,1731.09,2636142,87.0195,88.15,85.865,86.5545,52722840,0.0,1.0
2020-11-11 00:00:00+00:00,1752.71,1764.22,1747.365,1750.0,1263966,87.6355,88.211,87.36825,87.5,25279320,0.0,1.0
2020-11-12 00:00:00+00:00,1749.84,1768.27,1745.6,1747.63,1248754,87.492,88.4135,87.28,87.3815,24975080,0.0,1.0
2020-11-13 00:00:00+00:00,1777.02,1781.04,1744.55,1757.63,1500574,88.851,89.052,87.2275,87.8815,30011480,0.0,1.0
2020-11-16 00:00:00+00:00,1781.38,1799.07,1767.69,1771.7,1246785,89.069,89.9535,88.3845,88.585,24935700,0.0,1.0
2020-11-17 00:00:00+00:00,1770.15,1785.0,1767.0,1776.94,1147114,88.5075,89.25,88.35,88.847,22942280,0.0,1.0
2020-11-18 00:00:00+00:00,1746.78,1773.47,1746.14,1765.23,1173466,87.339,88.6735,87.307,88.2615,23469320,0.0,1.0
2020-11-19 00:00:00+00:00,1763.92,1769.5897,1737.005,1738.38,1249910,88.196,88.479485,86.85025,86.919,24998200,0.0,1.0
2020-11-20 00:00:00+00:00,1742.19,1774.0,1741.86,1765.21,2313655,87.1095,88.7,87.093,88.2605,46273100,0.0,1.0
2020-11-23 00:00:00+00:00,1734.86,1753.9,1717.72,1749.6,2161975,86.743,87.695,85.886,87.48,43239500,0.0,1.0
2020-11-24 00:00:00+00:00,1768.88,1771.6,1727.69,1730.5,1491698,88.444,88.58,86.3845,86.525,29833960,0.0,1.0
2020-11-25 00:00:00+00:00,1771.43,1778.54,1756.54,1772.89,1046122,88.5715,88.927,87.827,88.6445,20922440,0.0,1.0
2020-11-27 00:00:00+00:00,1793.19,1804.0,1772.44,1773.09,884916,89.6595,90.2,88.622,88.6545,17698320,0.0,1.0
2020-11-30 00:00:00+00:00,1760.74,1788.065,1755.0,1781.1844,1823836,88.037,89.40325,87.75,89.05922,36476720,0.0,1.0
2020-12-01 00:00:00+00:00,1798.1,1824.83,1769.37,1774.37,1693593,89.905,91.2415,88.4685,88.7185,33871860,0.0,1.0
2020-12-02 00:00:00+00:00,1827.95,1835.65,1789.4725,1798.1,1222032,91.3975,91.7825,89.473625,89.905,24440640,0.0,1.0
2020-12-03 00:00:00+00:00,1826.77,1847.2,1822.65,1824.01,1227298,91.3385,92.36,91.1325,91.2005,24545960,0.0,1.0
2020-12-04 00:00:00+00:00,1827.99,1833.16,1816.99,1824.52,1378166,91.3995,91.658,90.8495,91.226,27563320,0.0,1.0
2020-12-07 00:00:00+00:00,1819.48,1832.37,1805.78,1819.0,1320946,90.974,91.6185,90.289,90.95,26418920,0.0,1.0
2020-12-08 00:00:00+00:00,1818.55,1821.9,1796.2047,1810.1,1096319,90.9275,91.095,89.810235,90.505,21926380,0.0,1.0
2020-12-09 00:00:00+00:00,1784.13,1834.27,1767.81,1812.01,1507558,89.2065,91.7135,88.3905,90.6005,30151160,0.0,1.0
2020-12-10 00:00:00+00:00,1775.33,1781.31,1740.32,1769.8,1362848,88.7665,89.0655,87.016,88.49,27256960,0.0,1.0
2020-12-11 00:00:00+00:00,1781.77,1784.45,1760.0,1763.06,1220651,89.0885,89.2225,88.0,88.153,24413020,0.0,1.0
2020-12-14 00:00:00+00:00,1760.06,1797.39,1757.215,1775.0,1600173,88.003,89.8695,87.86075,88.75,32003460,0.0,1.0
2020-12-15 00:00:00+00:00,1767.77,1771.42,1749.95,1764.42,1482261,88.3885,88.571,87.4975,88.221,29645220,0.0,1.0
2020-12-16 00:00:00+00:00,1763.0,1773.0,1756.08,1772.88,1513543,88.15,88.65,87.804,88.644,30270860,0.0,1.0
2020-12-17 00:00:00+00:00,1747.9,1771.7836,1738.66,1768.51,1624744,87.395,88.58918,86.933,88.4255,32494880,0.0,1.0
2020-12-18 00:00:00+00:00,1731.01,1755.11,1720.22,1754.18,4016353,86.5505,87.7555,86.011,87.709,80327060,0.0,1.0
2020-12-21 00:00:00+00:00,1739.37,1740.85,1699.0,1713.51,1828378,86.9685,87.0425,84.95,85.6755,36567560,0.0,1.0
2020-12-22 00:00:00+00:00,1723.5,1737.405,1712.575,1734.43,938346,86.175,86.87025,85.62875,86.7215,18766920,0.0,1.0
2020-12-23 00:00:00+00:00,1732.38,1747.99,1725.04,1728.11,1033917,86.619,87.3995,86.252,86.4055,20678340,0.0,1.0
2020-12-24 00:00:00+00:00,1738.85,1746.0,1729.11,1735.0,346753,86.9425,87.3,86.4555,86.75,6935060,0.0,1.0
2020-12-28 00:00:00+00:00,1776.09,1790.7276,1746.335,1751.635,1390962,88.8045,89.53638,87.31675,87.58175,27819240,0.0,1.0
2020-12-29 00:00:00+00:00,1758.72,1792.44,1756.09,1787.79,1299395,87.936,89.622,87.8045,89.3895,25987900,0.0,1.0
2020-12-30 00:00:00+00:00,1739.52,1765.095,1725.6,1762.01,1306130,86.976,88.25475,86.28,88.1005,26122600,0.0,1.0
2020-12-31 00:00:00+00:00,1751.88,1758.93,1735.42,1735.42,1012240,87.594,87.9465,86.771,86.771,20244800,0.0,1.0
2021-01-04 00:00:00+00:00,1728.24,1760.65,1707.85,1757.54,1901855,86.412,88.0325,85.3925,87.877,38037100,0.0,1.0
2021-01-05 00:00:00+00:00,1740.92,1747.67,1718.015,1725.0,1145347,87.046,87.3835,85.90075,86.25,22906940,0.0,1.0
2021-01-06 00:00:00+00:00,1735.29,1748.0,1699.0,1702.63,2602114,86.7645,87.4,84.95,85.1315,52042280,0.0,1.0
2021-01-07 00:00:00+00:00,1787.25,1788.4,1737.05,1740.06,2265022,89.3625,89.42,86.8525,87.003,45300440,0.0,1.0
2021-01-08 00:00:00+00:00,1807.21,1809.84,1773.535,1787.98,2051002,90.3605,90.492,88.67675,89.399,41020040,0.0,1.0
2021-01-11 00:00:00+00:00,1766.72,1794.315,1760.5201,1786.07,1209735,88.336,89.71575,88.026005,89.3035,24194700,0.0,1.0
2021-01-12 00:00:00+00:00,1746.55,1778.04,1725.31,1753.92,1356464,87.3275,88.902,86.2655,87.696,27129280,0.0,1.0
2021-01-13 00:00:00+00:00,1754.4,1765.035,1738.01,1738.58,1094131,87.72,88.25175,86.9005,86.929,21882620,0.0,1.0
2021-01-14 00:00:00+00:00,1740.18,1775.01,1733.4,1753.62,1179477,87.009,88.7505,86.67,87.681,23589540,0.0,1.0
2021-01-15 00:00:00+00:00,1736.19,1756.0,1721.55,1738.19,1342170,86.8095,87.8,86.0775,86.9095,26843400,0.0,1.0
2021-01-19 00:00:00+00:00,1790.86,1809.275,1741.46,1752.25,1734614,89.543,90.46375,87.073,87.6125,34692280,0.0,1.0
2021-01-20 00:00:00+00:00,1886.9,1903.71,1825.53,1831.46,2490258,94.345,95.1855,91.2765,91.573,49805160,0.0,1.0
2021-01-21 00:00:00+00:00,1891.25,1934.86,1887.11,1898.0,2063932,94.5625,96.743,94.3555,94.9,41278640,0.0,1.0
2021-01-22 00:00:00+00:00,1901.05,1910.95,1881.76,1895.68,1272232,95.0525,95.5475,94.088,94.784,25444640,0.0,1.0
2021-01-25 00:00:00+00:00,1899.4,1929.58,1867.53,1920.67,1927320,94.97,96.479,93.3765,96.0335,38546400,0.0,1.0
2021-01-26 00:00:00+00:00,1917.24,1925.0,1884.245,1888.84,1313139,95.862,96.25,94.21225,94.442,26262780,0.0,1.0
2021-01-27 00:00:00+00:00,1830.79,1890.0,1809.0,1882.53,2748292,91.5395,94.5,90.45,94.1265,54965840,0.0,1.0
2021-01-28 00:00:00+00:00,1863.11,1898.83,1842.64,1843.94,1773138,93.1555,94.9415,92.132,92.197,35462760,0.0,1.0
2021-01-29 00:00:00+00:00,1835.74,1857.28,1810.2,1846.17,1612552,91.787,92.864,90.51,92.3085,32251040,0.0,1.0
2021-02-01 00:00:00+00:00,1901.35,1922.3918,1850.93,1853.57,1602182,95.0675,96.11959,92.5465,92.6785,32043640,0.0,1.0
2021-02-02 00:00:00+00:00,1927.51,1955.76,1914.49,1922.56,2103864,96.3755,97.788,95.7245,96.128,42077280,0.0,1.0
2021-02-03 00:00:00+00:00,2070.07,2116.5,2018.38,2073.0,4118170,103.5035,105.825,100.919,103.65,82363400,0.0,1.0
2021-02-04 00:00:00+00:00,2062.37,2078.55,2042.59,2068.89,1852329,103.1185,103.9275,102.1295,103.4445,37046580,0.0,1.0
2021-02-05 00:00:00+00:00,2098.0,2102.51,2059.33,2070.0,1535135,104.9,105.1255,102.9665,103.5,30702700,0.0,1.0
2021-02-08 00:00:00+00:00,2092.91,2123.5469,2072.0,2105.91,1242411,104.6455,106.177345,103.6,105.2955,24848220,0.0,1.0
2021-02-09 00:00:00+00:00,2083.51,2105.13,2078.54,2078.54,886247,104.1755,105.2565,103.927,103.927,17724940,0.0,1.0
2021-02-10 00:00:00+00:00,2095.38,2108.37,2063.09,2094.21,1132741,104.769,105.4185,103.1545,104.7105,22654820,0.0,1.0
2021-02-11 00:00:00+00:00,2095.89,2102.03,2077.32,2099.51,945650,104.7945,105.1015,103.866,104.9755,18913000,0.0,1.0
2021-02-12 00:00:00+00:00,2104.11,2108.82,2083.13,2090.25,855865,105.2055,105.441,104.1565,104.5125,17117300,0.0,1.0
2021-02-16 00:00:00+00:00,2121.9,2152.68,2104.36,2104.36,1133838,106.095,107.634,105.218,105.218,22676760,0.0,1.0
2021-02-17 00:00:00+00:00,2128.31,2133.66,2098.92,2100.0,1020252,106.4155,106.683,104.946,105.0,20405040,0.0,1.0
2021-02-18 00:00:00+00:00,2117.2,2132.735,2103.71,2110.39,1121855,105.86,106.63675,105.1855,105.5195,22437100,0.0,1.0
2021-02-19 00:00:00+00:00,2101.14,2130.53,2097.41,2119.27,1457612,105.057,106.5265,104.8705,105.9635,29152240,0.0,1.0
2021-02-22 00:00:00+00:00,2064.88,2091.42,2062.14,2067.0,1349856,103.244,104.571,103.107,103.35,26997120,0.0,1.0
2021-02-23 00:00:00+00:00,2070.86,2082.01,2002.02,2025.01,1667377,103.543,104.1005,100.101,101.2505,33347540,0.0,1.0
2021-02-24 00:00:00+00:00,2095.17,2100.78,2038.13,2041.83,1248349,104.7585,105.039,101.9065,102.0915,24966980,0.0,1.0
2021-02-25 00:00:00+00:00,2031.36,2094.88,2021.29,2067.45,1761201,101.568,104.744,101.0645,103.3725,35224020,0.0,1.0
2021-02-26 00:00:00+00:00,2036.86,2071.0099,2016.06,2050.52,2076974,101.843,103.550495,100.803,102.526,41539480,0.0,1.0
2021-03-01 00:00:00+00:00,2081.51,2086.52,2046.1,2056.52,1405115,104.0755,104.326,102.305,102.826,28102300,0.0,1.0
2021-03-02 00:00:00+00:00,2075.84,2104.37,2071.26,2076.19,1134595,103.792,105.2185,103.563,103.8095,22691900,0.0,1.0
2021-03-03 00:00:00+00:00,2026.71,2088.518,2010.0,2067.21,1484181,101.3355,104.4259,100.5,103.3605,29683620,0.0,1.0
2021-03-04 00:00:00+00:00,2049.09,2089.24,2020.27,2023.37,2118006,102.4545,104.462,101.0135,101.1685,42360120,0.0,1.0
2021-03-05 00:00:00+00:00,2108.54,2118.11,2046.415,2073.12,2195218,105.427,105.9055,102.32075,103.656,43904360,0.0,1.0
2021-03-08 00:00:00+00:00,2024.17,2128.81,2021.61,2101.13,1647429,101.2085,106.4405,101.0805,105.0565,32948580,0.0,1.0
2021-03-09 00:00:00+00:00,2052.7,2078.04,2047.83,2070.0,1697306,102.635,103.902,102.3915,103.5,33946120,0.0,1.0
2021-03-10 00:00:00+00:00,2055.03,2075.0,2033.37,2071.76,1268592,102.7515,103.75,101.6685,103.588,25371840,0.0,1.0
2021-03-11 00:00:00+00:00,2114.77,2125.7,2072.38,2074.06,1239080,105.7385,106.285,103.619,103.703,24781600,0.0,1.0
2021-03-12 00:00:00+00:00,2061.92,2090.26,2047.55,2085.0,1725794,103.096,104.513,102.3775,104.25,34515880,0.0,1.0
2021-03-15 00:00:00+00:00,2066.49,2067.06,2043.51,2062.3,1298325,103.3245,103.353,102.1755,103.115,25966500,0.0,1.0
2021-03-16 00:00:00+00:00,2092.52,2123.56,2070.0,2078.99,1491564,104.626,106.178,103.5,103.9495,29831280,0.0,1.0
2021-03-17 00:00:00+00:00,2091.08,2109.78,2054.0,2076.03,1299016,104.554,105.489,102.7,103.8015,25980320,0.0,1.0
2021-03-18 00:00:00+00:00,2036.22,2075.5,2033.55,2061.0,1362430,101.811,103.775,101.6775,103.05,27248600,0.0,1.0
2021-03-19 00:00:00+00:00,2043.2,2053.1,2017.68,2042.05,2314893,102.16,102.655,100.884,102.1025,46297860,0.0,1.0
2021-03-22 00:00:00+00:00,2038.59,2057.99,2026.07,2041.84,1954816,101.9295,102.8995,101.3035,102.092,39096320,0.0,1.0
2021-03-23 00:00:00+00:00,2052.96,2072.3025,2039.22,2051.7,1366997,102.648,103.615125,101.961,102.585,27339940,0.0,1.0
2021-03-24 00:00:00+00:00,2045.06,2078.21,2041.555,2065.37,1154029,102.253,103.9105,102.07775,103.2685,23080580,0.0,1.0
2021-03-25 00:00:00+00:00,2044.36,2058.87,2010.73,2044.81,1418907,102.218,102.9435,100.5365,102.2405,28378140,0.0,1.0
2021-03-26 00:00:00+00:00,2035.55,2050.99,2014.0201,2038.86,1493800,101.7775,102.5495,100.701005,101.943,29876000,0.0,1.0
2021-03-29 00:00:00+00:00,2055.95,2058.43,2015.62,2027.88,1229777,102.7975,102.9215,100.781,101.394,24595540,0.0,1.0
2021-03-30 00:00:00+00:00,2055.54,2070.78,2044.03,2057.63,1036774,102.777,103.539,102.2015,102.8815,20735480,0.0,1.0
2021-03-31 00:00:00+00:00,2068.63,2093.3273,2056.745,2059.12,1459930,103.4315,104.666365,102.83725,102.956,29198600,0.0,1.0
2021-04-01 00:00:00+00:00,2137.75,2142.94,2096.89,2097.95,1698978,106.8875,107.147,104.8445,104.8975,33979560,0.0,1.0
2021-04-05 00:00:00+00:00,2225.55,2237.31,2151.62,2152.94,2164875,111.2775,111.8655,107.581,107.647,43297500,0.0,1.0
2021-04-06 00:00:00+00:00,2224.75,2237.66,2214.8,2222.5,1353036,111.2375,111.883,110.74,111.125,27060720,0.0,1.0
2021-04-07 00:00:00+00:00,2249.68,2255.0,2225.3303,2226.13,1289861,112.484,112.75,111.266515,111.3065,25797220,0.0,1.0
2021-04-08 00:00:00+00:00,2265.44,2284.005,2257.68,2277.96,1358259,113.272,114.20025,112.884,113.898,27165180,0.0,1.0
2021-04-09 00:00:00+00:00,2285.88,2289.04,2253.7139,2256.7,1044365,114.294,114.452,112.685695,112.835,20887300,0.0,1.0
2021-04-12 00:00:00+00:00,2254.79,2275.32,2238.465,2266.25,1565851,112.7395,113.766,111.92325,113.3125,31317020,0.0,1.0
2021-04-13 00:00:00+00:00,2267.27,2277.21,2256.09,2261.47,1165804,113.3635,113.8605,112.8045,113.0735,23316080,0.0,1.0
2021-04-14 00:00:00+00:00,2254.84,2277.99,2249.19,2275.16,1010967,112.742,113.8995,112.4595,113.758,20219340,0.0,1.0
2021-04-15 00:00:00+00:00,2296.66,2306.5965,2266.0,2276.98,1373612,114.833,115.329825,113.3,113.849,27472240,0.0,1.0
2021-04-16 00:00:00+00:00,2297.76,2306.44,2284.45,2303.0,1130090,114.888,115.322,114.2225,115.15,22601800,0.0,1.0
2021-04-19 00:00:00+00:00,2302.4,2318.45,2287.845,2291.98,1234445,115.12,115.9225,114.39225,114.599,24688900,0.0,1.0
2021-04-20 00:00:00+00:00,2293.63,2309.6,2271.71,2307.89,1088749,114.6815,115.48,113.5855,115.3945,21774980,0.0,1.0
2021-04-21 00:00:00+00:00,2293.29,2295.32,2258.57,2285.25,1196731,114.6645,114.766,112.9285,114.2625,23934620,0.0,1.0
2021-04-22 00:00:00+00:00,2267.92,2303.7621,2256.45,2293.23,1054808,113.396,115.188105,112.8225,114.6615,21096160,0.0,1.0
2021-04-23 00:00:00+00:00,2315.3,2325.82,2278.21,2283.47,1435162,115.765,116.291,113.9105,114.1735,28703240,0.0,1.0
2021-04-26 00:00:00+00:00,2326.74,2341.26,2313.84,2319.93,1041650,116.337,117.063,115.692,115.9965,20833000,0.0,1.0
2021-04-27 00:00:00+00:00,2307.12,2337.45,2304.27,2336.0,1598583,115.356,116.8725,115.2135,116.8,31971660,0.0,1.0
2021-04-28 00:00:00+00:00,2379.91,2452.378,2374.85,2407.145,2986439,118.9955,122.6189,118.7425,120.35725,59728780,0.0,1.0
2021-04-29 00:00:00+00:00,2429.89,2436.52,2402.28,2410.33,1977677,121.4945,121.826,120.114,120.5165,39553540,0.0,1.0
2021-04-30 00:00:00+00:00,2410.12,2427.14,2402.16,2404.49,1957130,120.506,121.357,120.108,120.2245,39142600,0.0,1.0
2021-05-03 00:00:00+00:00,2395.17,2419.7,2384.5,2402.72,1689389,119.7585,120.985,119.225,120.136,33787780,0.0,1.0
2021-05-04 00:00:00+00:00,2354.25,2379.26,2311.7,2369.74,1756015,117.7125,118.963,115.585,118.487,35120300,0.0,1.0
2021-05-05 00:00:00+00:00,2356.74,2382.2,2351.41,2368.42,1090275,117.837,119.11,117.5705,118.421,21805500,0.0,1.0
2021-05-06 00:00:00+00:00,2381.35,2382.71,2342.3382,2350.64,1030859,119.0675,119.1355,117.11691,117.532,20617180,0.0,1.0
2021-05-07 00:00:00+00:00,2398.69,2416.41,2390.0,2400.0,1163892,119.9345,120.8205,119.5,120.0,23277840,0.0,1.0
2021-05-10 00:00:00+00:00,2341.66,2378.0,2334.73,2374.89,1300271,117.083,118.9,116.7365,118.7445,26005420,0.0,1.0
2021-05-11 00:00:00+00:00,2308.76,2322.0,2283.0,2291.86,1605548,115.438,116.1,114.15,114.593,32110960,0.0,1.0
2021-05-12 00:00:00+00:00,2239.08,2285.37,2230.05,2261.71,1746664,111.954,114.2685,111.5025,113.0855,34933280,0.0,1.0
2021-05-13 00:00:00+00:00,2261.97,2276.6012,2242.72,2261.09,1333508,113.0985,113.83006,112.136,113.0545,26670160,0.0,1.0
2021-05-14 00:00:00+00:00,2316.16,2321.14,2283.32,2291.83,1331248,115.808,116.057,114.166,114.5915,26624960,0.0,1.0
2021-05-17 00:00:00+00:00,2321.41,2323.34,2295.0,2309.32,992416,116.0705,116.167,114.75,115.466,19848320,0.0,1.0
2021-05-18 00:00:00+00:00,2303.43,2343.15,2303.16,2336.9056,865119,115.1715,117.1575,115.158,116.84528,17302380,0.0,1.0
2021-05-19 00:00:00+00:00,2308.71,2316.76,2263.52,2264.4,967544,115.4355,115.838,113.176,113.22,19350880,0.0,1.0
2021-05-20 00:00:00+00:00,2356.09,2360.34,2321.09,2328.04,1191593,117.8045,118.017,116.0545,116.402,23831860,0.0,1.0
2021-05-21 00:00:00+00:00,2345.1,2368.9999,2342.37,2365.99,1141632,117.255,118.449995,117.1185,118.2995,22832640,0.0,1.0
2021-05-24 00:00:00+00:00,2406.67,2418.48,2360.11,2367.0,1062189,120.3335,120.924,118.0055,118.35,21243780,0.0,1.0
2021-05-25 00:00:00+00:00,2409.07,2432.89,2402.99,2420.0,941928,120.4535,121.6445,120.1495,121.0,18838560,0.0,1.0
2021-05-26 00:00:00+00:00,2433.53,2442.944,2412.515,2412.835,1092819,121.6765,122.1472,120.62575,120.64175,21856380,0.0,1.0
2021-05-27 00:00:00+00:00,2402.51,2440.0,2402.0,2436.94,1948113,120.1255,122.0,120.1,121.847,38962260,0.0,1.0
2021-05-28 00:00:00+00:00,2411.56,2428.14,2407.69,2421.96,1205382,120.578,121.407,120.3845,121.098,24107640,0.0,1.0
2021-06-01 00:00:00+00:00,2429.81,2437.9709,2404.88,2422.0,958289,121.4905,121.898545,120.244,121.1,19165780,0.0,1.0
2021-06-02 00:00:00+00:00,2421.28,2442.0,2404.2,2435.31,858105,121.064,122.1,120.21,121.7655,17162100,0.0,1.0
2021-06-03 00:00:00+00:00,2404.61,2409.745,2382.83,2395.02,917291,120.2305,120.48725,119.1415,119.751,18345820,0.0,1.0
2021-06-04 00:00:00+00:00,2451.76,2453.859,2417.77,2422.52,1297434,122.588,122.69295,120.8885,121.126,25948680,0.0,1.0
2021-06-07 00:00:00+00:00,2466.09,2468.0,2441.0725,2451.32,1192453,123.3045,123.4,122.053625,122.566,23849060,0.0,1.0
2021-06-08 00:00:00+00:00,2482.85,2494.495,2468.24,2479.9,1253253,124.1425,124.72475,123.412,123.995,25065060,0.0,1.0
2021-06-09 00:00:00+00:00,2491.4,2505.0,2487.33,2499.5,1006337,124.57,125.25,124.3665,124.975,20126740,0.0,1.0
2021-06-10 00:00:00+00:00,2521.6,2523.26,2494.0,2494.01,1561733,126.08,126.163,124.7,124.7005,31234660,0.0,1.0
2021-06-11 00:00:00+00:00,2513.93,2526.99,2498.29,2524.92,1262309,125.6965,126.3495,124.9145,126.246,25246180,0.0,1.0
2021-06-14 00:00:00+00:00,2527.04,2528.23,2500.94,2513.39,1127522,126.352,126.4115,125.047,125.6695,22550440,0.0,1.0
2021-06-15 00:00:00+00:00,2520.66,2537.24,2512.97,2530.44,1109130,126.033,126.862,125.6485,126.522,22182600,0.0,1.0
2021-06-16 00:00:00+00:00,2513.93,2530.47,2482.9994,2524.95,1307168,125.6965,126.5235,124.14997,126.2475,26143360,0.0,1.0
2021-06-17 00:00:00+00:00,2527.42,2543.93,2510.3,2510.46,1287791,126.371,127.1965,125.515,125.523,25755820,0.0,1.0
2021-06-18 00:00:00+00:00,2511.35,2527.78,2492.06,2514.11,2665310,125.5675,126.389,124.603,125.7055,53306200,0.0,1.0
2021-06-21 00:00:00+00:00,2529.1,2540.7349,2502.685,2514.8,1312826,126.455,127.036745,125.13425,125.74,26256520,0.0,1.0
2021-06-22 00:00:00+00:00,2539.99,2545.4,2520.53,2529.0,1049310,126.9995,127.27,126.0265,126.45,20986200,0.0,1.0
2021-06-23 00:00:00+00:00,2529.23,2555.92,2525.04,2531.0,984658,126.4615,127.796,126.252,126.55,19693160,0.0,1.0
2021-06-24 00:00:00+00:00,2545.64,2550.71,2539.2,2541.07,946662,127.282,127.5355,126.96,127.0535,18933240,0.0,1.0
2021-06-25 00:00:00+00:00,2539.9,2550.1,2528.88,2539.14,1674297,126.995,127.505,126.444,126.957,33485940,0.0,1.0
2021-06-28 00:00:00+00:00,2536.39,2546.74,2519.4756,2540.0,1405543,126.8195,127.337,125.97378,127.0,28110860,0.0,1.0
2021-06-29 00:00:00+00:00,2520.37,2540.0,2508.74,2535.45,1047478,126.0185,127.0,125.437,126.7725,20949560,0.0,1.0
2021-06-30 00:00:00+00:00,2506.32,2516.0,2495.15,2513.0713,1200478,125.316,125.8,124.7575,125.653565,24009560,0.0,1.0
2021-07-01 00:00:00+00:00,2527.37,2529.25,2496.995,2496.995,856230,126.3685,126.4625,124.84975,124.84975,17124600,0.0,1.0
2021-07-02 00:00:00+00:00,2574.38,2576.96,2535.38,2536.79,1058256,128.719,128.848,126.769,126.8395,21165120,0.0,1.0
2021-07-06 00:00:00+00:00,2595.42,2597.69,2568.18,2588.99,1067517,129.771,129.8845,128.409,129.4495,21350340,0.0,1.0
2021-07-07 00:00:00+00:00,2601.55,2612.7983,2595.2,2606.82,834186,130.0775,130.639915,129.76,130.341,16683720,0.0,1.0
2021-07-08 00:00:00+00:00,2583.54,2600.65,2560.8,2565.0,988975,129.177,130.0325,128.04,128.25,19779500,0.0,1.0
2021-07-09 00:00:00+00:00,2591.49,2596.99,2578.87,2578.89,755466,129.5745,129.8495,128.9435,128.9445,15109320,0.0,1.0
2021-07-12 00:00:00+00:00,2611.28,2615.4,2592.0,2596.67,847546,130.564,130.77,129.6,129.8335,16950920,0.0,1.0
2021-07-13 00:00:00+00:00,2619.89,2640.8399,2612.74,2617.63,830898,130.9945,132.041995,130.637,130.8815,16617960,0.0,1.0
2021-07-14 00:00:00+00:00,2641.65,2659.9199,2637.96,2638.03,895927,132.0825,132.995995,131.898,131.9015,17918540,0.0,1.0
2021-07-15 00:00:00+00:00,2625.33,2651.9,2611.96,2650.0,829316,131.2665,132.595,130.598,132.5,16586320,0.0,1.0
2021-07-16 00:00:00+00:00,2636.91,2643.66,2616.43,2632.82,743059,131.8455,132.183,130.8215,131.641,14861180,0.0,1.0
2021-07-19 00:00:00+00:00,2585.08,2624.94,2570.74,2623.11,1285466,129.254,131.247,128.537,131.1555,25709320,0.0,1.0
2021-07-20 00:00:00+00:00,2622.03,2640.0271,2583.7675,2600.08,954156,131.1015,132.001355,129.188375,130.004,19083120,0.0,1.0
2021-07-21 00:00:00+00:00,2652.01,2652.345,2612.03,2615.74,737082,132.6005,132.61725,130.6015,130.787,14741640,0.0,1.0
2021-07-22 00:00:00+00:00,2666.57,2670.09,2648.0,2653.0,680407,133.3285,133.5045,132.4,132.65,13608140,0.0,1.0
2021-07-23 00:00:00+00:00,2756.32,2776.17,2694.01,2705.2,1318887,137.816,138.8085,134.7005,135.26,26377740,0.0,1.0
2021-07-26 00:00:00+00:00,2792.89,2794.26,2753.0201,2765.0,1152623,139.6445,139.713,137.651005,138.25,23052460,0.0,1.0
2021-07-27 00:00:00+00:00,2735.93,2800.22,2702.0,2800.22,2108153,136.7965,140.011,135.1,140.011,42163060,0.0,1.0
2021-07-28 00:00:00+00:00,2727.63,2793.52,2727.0,2771.24,2734417,136.3815,139.676,136.35,138.562,54688340,0.0,1.0
2021-07-29 00:00:00+00:00,2730.81,2743.03,2722.76,2727.612,948565,136.5405,137.1515,136.138,136.3806,18971300,0.0,1.0
2021-07-30 00:00:00+00:00,2704.42,2715.4273,2696.284,2710.22,1197725,135.221,135.771365,134.8142,135.511,23954500,0.0,1.0
2021-08-02 00:00:00+00:00,2719.79,2720.41,2693.39,2709.69,1007002,135.9895,136.0205,134.6695,135.4845,20140040,0.0,1.0
2021-08-03 00:00:00+00:00,2725.6,2726.71,2683.67,2720.0,953200,136.28,136.3355,134.1835,136.0,19064000,0.0,1.0
2021-08-04 00:00:00+00:00,2720.57,2730.76,2708.3,2724.99,826357,136.0285,136.538,135.415,136.2495,16527140,0.0,1.0
2021-08-05 00:00:00+00:00,2738.8,2739.0,2712.0,2720.57,593589,136.94,136.95,135.6,136.0285,11871780,0.0,1.0
2021-08-06 00:00:00+00:00,2740.72,2741.6009,2720.93,2725.9,678251,137.036,137.080045,136.0465,136.295,13565020,0.0,1.0
2021-08-09 00:00:00+00:00,2760.04,2766.43,2728.575,2738.98,618978,138.002,138.3215,136.42875,136.949,12379560,0.0,1.0
2021-08-10 00:00:00+00:00,2761.93,2771.03,2744.53,2761.59,801954,138.0965,138.5515,137.2265,138.0795,16039080,0.0,1.0
2021-08-11 00:00:00+00:00,2753.79,2776.955,2747.0,2765.66,760483,137.6895,138.84775,137.35,138.283,15209660,0.0,1.0
2021-08-12 00:00:00+00:00,2767.79,2768.36,2735.58,2754.26,732470,138.3895,138.418,136.779,137.713,14649400,0.0,1.0
2021-08-13 00:00:00+00:00,2768.12,2773.48,2760.1,2767.15,626348,138.406,138.674,138.005,138.3575,12526960,0.0,1.0
2021-08-16 00:00:00+00:00,2778.32,2779.81,2723.315,2760.0,902542,138.916,138.9905,136.16575,138.0,18050840,0.0,1.0
2021-08-17 00:00:00+00:00,2746.01,2774.37,2735.75,2763.82,1063701,137.3005,138.7185,136.7875,138.191,21274020,0.0,1.0
2021-08-18 00:00:00+00:00,2731.4,2765.88,2728.42,2742.31,746723,136.57,138.294,136.421,137.1155,14934460,0.0,1.0
2021-08-19 00:00:00+00:00,2738.27,2749.04,2707.12,2709.35,914796,136.9135,137.452,135.356,135.4675,18295920,0.0,1.0
2021-08-20 00:00:00+00:00,2768.74,2772.29,2729.34,2741.66,778337,138.437,138.6145,136.467,137.083,15566740,0.0,1.0
2021-08-23 00:00:00+00:00,2821.99,2843.5399,2774.9586,2779.97,1054484,141.0995,142.176995,138.74793,138.9985,21089680,0.0,1.0
2021-08-24 00:00:00+00:00,2847.97,2860.15,2827.07,2830.87,756313,142.3985,143.0075,141.3535,141.5435,15126260,0.0,1.0
2021-08-25 00:00:00+00:00,2859.0,2866.26,2848.79,2857.66,642153,142.95,143.313,142.4395,142.883,12843060,0.0,1.0
2021-08-26 00:00:00+00:00,2842.46,2862.696,2841.83,2852.37,746100,142.123,143.1348,142.0915,142.6185,14922000,0.0,1.0
2021-08-27 00:00:00+00:00,2891.01,2900.22,2840.4,2842.25,1228412,144.5505,145.011,142.02,142.1125,24568240,0.0,1.0
2021-08-30 00:00:00+00:00,2909.39,2929.7899,2892.0,2894.09,845795,145.4695,146.489495,144.6,144.7045,16915900,0.0,1.0
2021-08-31 00:00:00+00:00,2909.24,2922.24,2900.0,2917.69,1337821,145.462,146.112,145.0,145.8845,26756420,0.0,1.0
2021-09-01 00:00:00+00:00,2916.84,2936.4099,2912.29,2913.0,791234,145.842,146.820495,145.6145,145.65,15824680,0.0,1.0
2021-09-02 00:00:00+00:00,2884.38,2926.5,2882.13,2918.99,1092790,144.219,146.325,144.1065,145.9495,21855800,0.0,1.0
2021-09-03 00:00:00+00:00,2895.5,2907.54,2870.1,2882.92,955524,144.775,145.377,143.505,144.146,19110480,0.0,1.0
2021-09-07 00:00:00+00:00,2910.38,2916.48,2890.82,2894.99,758630,145.519,145.824,144.541,144.7495,15172600,0.0,1.0
2021-09-08 00:00:00+00:00,2897.67,2911.02,2884.0,2907.87,774583,144.8835,145.551,144.2,145.3935,15491660,0.0,1.0
2021-09-09 00:00:00+00:00,2898.27,2913.39,2888.68,2897.67,739928,144.9135,145.6695,144.434,144.8835,14798560,0.0,1.0
2021-09-10 00:00:00+00:00,2838.42,2920.38,2834.83,2908.87,1644831,141.921,146.019,141.7415,145.4435,32896620,0.0,1.0
2021-09-13 00:00:00+00:00,2869.3,2883.82,2845.65,2864.02,1008781,143.465,144.191,142.2825,143.201,20175620,0.0,1.0
2021-09-14 00:00:00+00:00,2868.12,2894.55,2858.11,2883.22,945957,143.406,144.7275,142.9055,144.161,18919140,0.0,1.0
2021-09-15 00:00:00+00:00,2904.12,2911.63,2845.12,2875.18,1032671,145.206,145.5815,142.256,143.759,20653420,0.0,1.0
2021-09-16 00:00:00+00:00,2887.47,2904.0,2868.3272,2902.42,1014942,144.3735,145.2,143.41636,145.121,20298840,0.0,1.0
2021-09-17 00:00:00+00:00,2829.27,2884.99,2821.23,2875.97,3001991,141.4635,144.2495,141.0615,143.7985,60039820,0.0,1.0
2021-09-20 00:00:00+00:00,2780.34,2787.25,2741.06,2780.0035,1745886,139.017,139.3625,137.053,139.000175,34917720,0.0,1.0
2021-09-21 00:00:00+00:00,2792.93,2816.2323,2778.11,2802.34,906469,139.6465,140.811615,138.9055,140.117,18129380,0.0,1.0
2021-09-22 00:00:00+00:00,2818.77,2831.67,2789.435,2801.01,1103390,140.9385,141.5835,139.47175,140.0505,22067800,0.0,1.0
2021-09-23 00:00:00+00:00,2836.53,2845.0493,2821.93,2832.19,863805,141.8265,142.252465,141.0965,141.6095,17276100,0.0,1.0
2021-09-24 00:00:00+00:00,2852.66,2858.07,2817.01,2818.92,747467,142.633,142.9035,140.8505,140.946,14949340,0.0,1.0
2021-09-27 00:00:00+00:00,2830.02,2850.0,2810.0,2831.71,942204,141.501,142.5,140.5,141.5855,18844080,0.0,1.0
2021-09-28 00:00:00+00:00,2723.68,2792.13,2714.0,2781.77,2109483,136.184,139.6065,135.7,139.0885,42189660,0.0,1.0
2021-09-29 00:00:00+00:00,2690.42,2747.97,2685.0,2742.1938,1316861,134.521,137.3985,134.25,137.10969,26337220,0.0,1.0
2021-09-30 00:00:00+00:00,2665.31,2711.8,2660.0,2686.5,1768199,133.2655,135.59,133.0,134.325,35363980,0.0,1.0
2021-10-01 00:00:00+00:00,2729.25,2741.42,2667.55,2671.09,1419365,136.4625,137.071,133.3775,133.5545,28387300,0.0,1.0
2021-10-04 00:00:00+00:00,2675.3,2714.0,2623.33,2713.99,1576495,133.765,135.7,131.1665,135.6995,31529900,0.0,1.0
2021-10-05 00:00:00+00:00,2723.54,2747.24,2680.0,2680.0,1206337,136.177,137.362,134.0,134.0,24126740,0.0,1.0
2021-10-06 00:00:00+00:00,2747.08,2757.04,2689.73,2692.51,988216,137.354,137.852,134.4865,134.6255,19764320,0.0,1.0
2021-10-07 00:00:00+00:00,2783.71,2803.0891,2771.26,2777.26,912523,139.1855,140.154455,138.563,138.863,18250460,0.0,1.0
2021-10-08 00:00:00+00:00,2801.12,2806.34,2788.5868,2798.12,946421,140.056,140.317,139.42934,139.906,18928420,0.0,1.0
2021-10-11 00:00:00+00:00,2776.95,2815.2725,2776.13,2796.0,829238,138.8475,140.763625,138.8065,139.8,16584760,0.0,1.0
2021-10-12 00:00:00+00:00,2734.26,2793.9,2725.0,2792.75,1126751,136.713,139.695,136.25,139.6375,22535020,0.0,1.0
2021-10-13 00:00:00+00:00,2758.0,2771.0,2739.53,2755.0,819664,137.9,138.55,136.9765,137.75,16393280,0.0,1.0
2021-10-14 00:00:00+00:00,2828.24,2833.03,2786.78,2799.04,1071878,141.412,141.6515,139.339,139.952,21437560,0.0,1.0
2021-10-15 00:00:00+00:00,2833.5,2844.0,2821.29,2844.0,1062668,141.675,142.2,141.0645,142.2,21253360,0.0,1.0
2021-10-18 00:00:00+00:00,2859.21,2859.975,2824.27,2824.27,828360,142.9605,142.99875,141.2135,141.2135,16567200,0.0,1.0
2021-10-19 00:00:00+00:00,2876.44,2882.14,2861.92,2865.83,765792,143.822,144.107,143.096,143.2915,15315840,0.0,1.0
2021-10-20 00:00:00+00:00,2848.3,2884.955,2838.24,2884.45,896975,142.415,144.24775,141.912,144.2225,17939500,0.0,1.0
2021-10-21 00:00:00+00:00,2855.61,2856.99,2832.74,2843.84,742496,142.7805,142.8495,141.637,142.192,14849920,0.0,1.0
2021-10-22 00:00:00+00:00,2772.5,2831.17,2743.41,2807.02,1509132,138.625,141.5585,137.1705,140.351,30182640,0.0,1.0
2021-10-25 00:00:00+00:00,2775.46,2784.116,2734.97,2776.21,1054085,138.773,139.2058,136.7485,138.8105,21081700,0.0,1.0
2021-10-26 00:00:00+00:00,2793.44,2816.79,2780.11,2812.12,1412937,139.672,140.8395,139.0055,140.606,28258740,0.0,1.0
2021-10-27 00:00:00+00:00,2928.55,2982.36,2798.05,2798.05,2592546,146.4275,149.118,139.9025,139.9025,51850920,0.0,1.0
2021-10-28 00:00:00+00:00,2922.58,2948.49,2895.27,2945.98,1620903,146.129,147.4245,144.7635,147.299,32418060,0.0,1.0
2021-10-29 00:00:00+00:00,2965.41,2972.26,2903.33,2910.4,1447725,148.2705,148.613,145.1665,145.52,28954500,0.0,1.0
2021-11-01 00:00:00+00:00,2875.48,2967.99,2871.59,2963.3,1578447,143.774,148.3995,143.5795,148.165,31568940,0.0,1.0
2021-11-02 00:00:00+00:00,2917.26,2938.41,2892.82,2896.1877,1054648,145.863,146.9205,144.641,144.809385,21092960,0.0,1.0
2021-11-03 00:00:00+00:00,2935.8,2938.21,2901.07,2925.5,894330,146.79,146.9105,145.0535,146.275,17886600,0.0,1.0
2021-11-04 00:00:00+00:00,2973.66,2999.0,2932.7,2944.0,1235040,148.683,149.95,146.635,147.2,24700800,0.0,1.0
2021-11-05 00:00:00+00:00,2984.82,3011.4145,2973.04,2987.07,1020407,149.241,150.570725,148.652,149.3535,20408140,0.0,1.0
2021-11-08 00:00:00+00:00,2987.03,3020.6899,2982.4,3000.0,919407,149.3515,151.034495,149.12,150.0,18388140,0.0,1.0
2021-11-09 00:00:00+00:00,2984.97,3007.57,2950.14,2994.92,842214,149.2485,150.3785,147.507,149.746,16844280,0.0,1.0
2021-11-10 00:00:00+00:00,2932.52,2973.9999,2906.5,2960.195,1135416,146.626,148.699995,145.325,148.00975,22708320,0.0,1.0
2021-11-11 00:00:00+00:00,2934.96,2970.045,2933.89,2942.14,623155,146.748,148.50225,146.6945,147.107,12463100,0.0,1.0
2021-11-12 00:00:00+00:00,2992.91,2997.19,2929.08,2956.63,849970,149.6455,149.8595,146.454,147.8315,16999400,0.0,1.0
2021-11-15 00:00:00+00:00,2987.76,3009.54,2973.05,3000.0,812367,149.388,150.477,148.6525,150.0,16247340,0.0,1.0
2021-11-16 00:00:00+00:00,2981.52,2996.65,2967.0,2983.41,862743,149.076,149.8325,148.35,149.1705,17254860,0.0,1.0
2021-11-17 00:00:00+00:00,2981.24,2992.52,2971.26,2984.58,764541,149.062,149.626,148.563,149.229,15290820,0.0,1.0
2021-11-18 00:00:00+00:00,3014.18,3032.2,2979.97,2982.92,1334120,150.709,151.61,148.9985,149.146,26682400,0.0,1.0
2021-11-19 00:00:00+00:00,2999.05,3037.0,2997.75,3020.0,989148,149.9525,151.85,149.8875,151.0,19782960,0.0,1.0
2021-11-22 00:00:00+00:00,2941.57,3014.89,2940.11,3002.8352,1231385,147.0785,150.7445,147.0055,150.14176,24627700,0.0,1.0
2021-11-23 00:00:00+00:00,2935.14,2953.88,2897.79,2942.26,906657,146.757,147.694,144.8895,147.113,18133140,0.0,1.0
2021-11-24 00:00:00+00:00,2934.35,2940.0,2903.98,2927.0,823203,146.7175,147.0,145.199,146.35,16464060,0.0,1.0
2021-11-26 00:00:00+00:00,2856.12,2905.9404,2849.71,2900.31,849606,142.806,145.29702,142.4855,145.0155,16992120,0.0,1.0
2021-11-29 00:00:00+00:00,2922.28,2937.24,2885.97,2885.97,1313806,146.114,146.862,144.2985,144.2985,26276120,0.0,1.0
2021-11-30 00:00:00+00:00,2849.04,2932.57,2841.32,2909.005,2079526,142.452,146.6285,142.066,145.45025,41590520,0.0,1.0
2021-12-01 00:00:00+00:00,2832.36,2929.9825,2830.0,2884.25,1427289,141.618,146.499125,141.5,144.2125,28545780,0.0,1.0
2021-12-02 00:00:00+00:00,2875.53,2893.5,2819.64,2836.48,1062535,143.7765,144.675,140.982,141.824,21250700,0.0,1.0
2021-12-03 00:00:00+00:00,2850.41,2904.2599,2823.0,2889.91,1334374,142.5205,145.212995,141.15,144.4955,26687480,0.0,1.0
2021-12-06 00:00:00+00:00,2875.93,2887.03,2812.94,2871.48,1109885,143.7965,144.3515,140.647,143.574,22197700,0.0,1.0
2021-12-07 00:00:00+00:00,2960.73,2966.0,2914.05,2919.0,1162914,148.0365,148.3,145.7025,145.95,23258280,0.0,1.0
2021-12-08 00:00:00+00:00,2974.41,2983.13,2944.0,2966.63,948197,148.7205,149.1565,147.2,148.3315,18963940,0.0,1.0
2021-12-09 00:00:00+00:00,2962.12,2992.1,2950.58,2963.52,929030,148.106,149.605,147.529,148.176,18580600,0.0,1.0
2021-12-10 00:00:00+00:00,2973.5,2988.0,2947.15,2982.0,1081923,148.675,149.4,147.3575,149.1,21638460,0.0,1.0
2021-12-13 00:00:00+00:00,2934.09,2971.25,2927.2,2968.88,1205196,146.7045,148.5625,146.36,148.444,24103920,0.0,1.0
2021-12-14 00:00:00+00:00,2899.41,2908.84,2844.85,2895.4,1238940,144.9705,145.442,142.2425,144.77,24778800,0.0,1.0
2021-12-15 00:00:00+00:00,2947.37,2950.345,2854.11,2887.32,1364048,147.3685,147.51725,142.7055,144.366,27280960,0.0,1.0
2021-12-16 00:00:00+00:00,2896.77,2971.03,2881.85,2961.54,1369987,144.8385,148.5515,144.0925,148.077,27399740,0.0,1.0
2021-12-17 00:00:00+00:00,2856.06,2889.2019,2835.76,2854.29,2170235,142.803,144.460095,141.788,142.7145,43404700,0.0,1.0
2021-12-20 00:00:00+00:00,2848.03,2852.21,2805.0,2813.5919,1013176,142.4015,142.6105,140.25,140.679595,20263520,0.0,1.0
2021-12-21 00:00:00+00:00,2884.41,2893.8413,2834.7,2863.0,977597,144.2205,144.692065,141.735,143.15,19551940,0.0,1.0
2021-12-22 00:00:00+00:00,2938.98,2946.06,2879.26,2882.0,922024,146.949,147.303,143.963,144.1,18440480,0.0,1.0
2021-12-23 00:00:00+00:00,2942.85,2971.4519,2939.0168,2941.79,690934,147.1425,148.572595,146.95084,147.0895,13818680,0.0,1.0
2021-12-27 00:00:00+00:00,2961.28,2968.53,2945.0,2949.27,662966,148.064,148.4265,147.25,147.4635,13259320,0.0,1.0
2021-12-28 00:00:00+00:00,2928.96,2967.49,2918.71,2967.49,931792,146.448,148.3745,145.9355,148.3745,18635840,0.0,1.0
2021-12-29 00:00:00+00:00,2930.09,2943.675,2910.09,2928.59,851236,146.5045,147.18375,145.5045,146.4295,17024720,0.0,1.0
2021-12-30 00:00:00+00:00,2920.05,2941.25,2915.17,2929.0,648851,146.0025,147.0625,145.7585,146.45,12977020,0.0,1.0
2021-12-31 00:00:00+00:00,2893.59,2927.3,2893.55,2910.88,847077,144.6795,146.365,144.6775,145.544,16941540,0.0,1.0
